cancer_label,mask_size,mass,mx_10,ch_10,cnt_10,med_10,wmx_10,crdz_10,mx2_10,crdy_10,crdx_10,mx_15,ch_15,cnt_15,med_15,wmx_15,crdz_15,mx2_15,crdy_15,crdx_15,mx_20,ch_20,cnt_20,med_20,wmx_20,crdz_20,mx2_20,crdy_20,crdx_20,patient_id
0.453827475685,0,2669,21.41,1.0,6,7.36,21.41,0.3721,9.2204,0.3769,0.2675,12.94,1.0,4,9.22,12.94,0.3781,7.2559,0.347,0.2922,17.56,0.97,2,9.4,17.03,0.5867,9.8037,0.5366,0.6098,00f6c1bd02eb49e3d8dbfc7d957a709e
0.0471337675838,0,0,0.0,0.0,0,0.0,0.0,0.0,0.0,0.0,0.0,0.0,0.0,0,0.0,0.0,0.0,0.0,0.0,0.0,0.0,0.0,0,0.0,0.0,0.0,0.0,0.0,0.0,0b8afe447b5f1a2c405f41cf2fb1198e
